title,genres,weightedAverage
Rear Window,Mystery|Thriller,4.4
Chinatown,Crime|Film-Noir|Mystery|Thriller,4.37
"Usual Suspects, The",Crime|Mystery|Thriller,4.37
Rebecca,Drama|Mystery|Romance|Thriller,4.33
"Third Man, The",Film-Noir|Mystery|Thriller,4.33
Memento,Mystery|Thriller,4.32
Reservoir Dogs,Crime|Mystery|Thriller,4.31
Dogville,Drama|Mystery|Thriller,4.3
"Conversation, The",Drama|Mystery,4.29
"Big Sleep, The",Crime|Film-Noir|Mystery,4.29
Old Boy,Mystery|Thriller,4.28
North by Northwest,Action|Adventure|Mystery|Romance|Thriller,4.28
Shutter Island,Drama|Mystery|Thriller,4.27
"Prestige, The",Drama|Mystery|Sci-Fi|Thriller,4.27
In the Heat of the Night,Drama|Mystery,4.27
Dead Man,Drama|Mystery|Western,4.27
To Catch a Thief,Crime|Mystery|Romance|Thriller,4.26
Kiss Kiss Bang Bang,Comedy|Crime|Mystery|Thriller,4.26
Prisoners,Drama|Mystery|Thriller,4.25
Inception,Action|Crime|Drama|Mystery|Sci-Fi|Thriller|IMAX,4.24
Hot Fuzz,Action|Comedy|Crime|Mystery,4.23
Lone Star,Drama|Mystery|Western,4.21
L.A. Confidential,Crime|Film-Noir|Mystery|Thriller,4.2
Dial M for Murder,Crime|Mystery|Thriller,4.2
Watchmen,Action|Drama|Mystery|Sci-Fi|Thriller|IMAX,4.19
Citizen Kane,Drama|Mystery,4.19
Jean de Florette,Drama|Mystery,4.18
"39 Steps, The",Drama|Mystery|Thriller,4.18
Donnie Darko,Drama|Mystery|Sci-Fi|Thriller,4.18
The Machinist,Drama|Mystery|Thriller,4.18
"City of Lost Children, The",Adventure|Drama|Fantasy|Mystery|Sci-Fi,4.18
Rashomon,Crime|Drama|Mystery,4.17
Brick,Crime|Drama|Film-Noir|Mystery,4.17
"Maltese Falcon, The",Film-Noir|Mystery,4.16
Vertigo,Drama|Mystery|Romance|Thriller,4.15
Harry Potter and the Deathly Hallows: Part 2,Action|Adventure|Drama|Fantasy|Mystery|IMAX,4.12
Moon,Drama|Mystery|Sci-Fi|Thriller,4.12
"Red Violin, The",Drama|Mystery,4.11
Arsenic and Old Lace,Comedy|Mystery|Thriller,4.1
Predestination,Action|Mystery|Sci-Fi|Thriller,4.1
Sherlock Holmes,Action|Crime|Mystery|Thriller,4.09
Seven,Mystery|Thriller,4.09
"Spanish Prisoner, The",Crime|Drama|Mystery|Thriller,4.09
Lucky Number Slevin,Crime|Drama|Mystery,4.08
Twelve Monkeys,Mystery|Sci-Fi|Thriller,4.08
Zero Effect,Comedy|Mystery|Thriller,4.07
Harry Potter and the Half-Blood Prince,Adventure|Fantasy|Mystery|Romance|IMAX,4.07
Brotherhood of the Wolf,Action|Mystery|Thriller,4.07
Blue Velvet,Drama|Mystery|Thriller,4.07
Sin City,Action|Crime|Film-Noir|Mystery|Thriller,4.06
"Sixth Sense, The",Drama|Horror|Mystery,4.04
"Bourne Identity, The",Action|Mystery|Thriller,4.01
Fracture,Crime|Drama|Mystery|Thriller,4.0
Sherlock Holmes: A Game of Shadows,Action|Adventure|Comedy|Crime|Mystery|Thriller,4.0
Sherlock: The Abominable Bride,Action|Crime|Drama|Mystery|Thriller,4.0
Hugo,Children|Drama|Mystery,4.0
District 9,Mystery|Sci-Fi|Thriller,4.0
The Nice Guys,Crime|Mystery|Thriller,4.0
"Illusionist, The",Drama|Fantasy|Mystery|Romance,3.98
American Psycho,Crime|Horror|Mystery|Thriller,3.98
Mulholland Drive,Crime|Drama|Film-Noir|Mystery|Thriller,3.98
"Omen, The",Horror|Mystery|Thriller,3.95
"Name of the Rose, The",Crime|Drama|Mystery|Thriller,3.94
"Exorcist, The",Horror|Mystery,3.94
Gosford Park,Comedy|Drama|Mystery,3.93
Mystic River,Crime|Drama|Mystery,3.92
Charade,Comedy|Crime|Mystery|Romance|Thriller,3.92
Identity,Crime|Horror|Mystery|Thriller,3.91
Source Code,Action|Drama|Mystery|Sci-Fi|Thriller,3.91
"Game, The",Drama|Mystery|Thriller,3.9
"Curious Case of Benjamin Button, The",Drama|Fantasy|Mystery|Romance,3.89
"Others, The",Drama|Horror|Mystery|Thriller,3.89
Super 8,Mystery|Sci-Fi|Thriller|IMAX,3.86
Manhattan Murder Mystery,Comedy|Mystery,3.86
Dead Again,Mystery|Romance|Thriller,3.85
"Adventures of Tintin, The",Action|Animation|Mystery|IMAX,3.83
Man on Fire,Action|Crime|Drama|Mystery|Thriller,3.83
"Scanner Darkly, A",Animation|Drama|Mystery|Sci-Fi|Thriller,3.82
Sicario,Crime|Drama|Mystery,3.82
Minority Report,Action|Crime|Mystery|Sci-Fi|Thriller,3.82
Three Days of the Condor,Drama|Mystery|Romance|Thriller,3.81
"Secret of Roan Inish, The",Children|Drama|Fantasy|Mystery,3.81
From Hell,Crime|Horror|Mystery|Thriller,3.8
Awakenings,Drama|Mystery,3.77
Holes,Adventure|Children|Comedy|Mystery,3.75
Primal Fear,Crime|Drama|Mystery|Thriller,3.74
Ringu,Horror|Mystery|Thriller,3.73
"Thomas Crown Affair, The",Action|Mystery,3.73
Super Troopers,Comedy|Crime|Mystery,3.71
Who Framed Roger Rabbit?,Adventure|Animation|Children|Comedy|Crime|Fantasy|Mystery,3.68
Red Dragon,Crime|Mystery|Thriller,3.65
Jacob's Ladder,Horror|Mystery,3.65
JFK,Drama|Mystery|Thriller,3.65
Hanna,Action|Adventure|Mystery|Thriller,3.64
K-PAX,Drama|Fantasy|Mystery|Sci-Fi,3.64
Amistad,Drama|Mystery,3.63
Mission: Impossible,Action|Adventure|Mystery|Thriller,3.62
Suicide Kings,Comedy|Crime|Drama|Mystery|Thriller,3.62
Stir of Echoes,Horror|Mystery|Thriller,3.61
Sleepy Hollow,Fantasy|Horror|Mystery|Romance,3.61
Vanilla Sky,Mystery|Romance|Sci-Fi|Thriller,3.59
"Prophecy, The",Fantasy|Horror|Mystery,3.58
Eyes Wide Shut,Drama|Mystery|Thriller,3.57
Gone Baby Gone,Crime|Drama|Mystery,3.55
Now You See Me,Crime|Mystery|Thriller,3.55
The Devil's Advocate,Drama|Mystery|Thriller,3.55
Twin Peaks: Fire Walk with Me,Crime|Drama|Mystery|Thriller,3.55
"X-Files: Fight the Future, The",Action|Crime|Mystery|Sci-Fi|Thriller,3.55
"Negotiator, The",Action|Crime|Drama|Mystery|Thriller,3.53
Soylent Green,Drama|Mystery|Sci-Fi|Thriller,3.53
Cube,Horror|Mystery|Sci-Fi|Thriller,3.52
Just Cause,Mystery|Thriller,3.5
Cloverfield,Action|Mystery|Sci-Fi|Thriller,3.48
21 Grams,Crime|Drama|Mystery|Romance|Thriller,3.48
Lost Highway,Crime|Drama|Fantasy|Film-Noir|Mystery|Romance,3.47
"Godfather: Part III, The",Crime|Drama|Mystery|Thriller,3.47
"Talented Mr. Ripley, The",Drama|Mystery|Thriller,3.47
Angels & Demons,Crime|Drama|Mystery|Thriller,3.47
Secret Window,Mystery|Thriller,3.47
"Client, The",Drama|Mystery|Thriller,3.46
National Treasure,Action|Adventure|Drama|Mystery|Thriller,3.45
Clue,Comedy|Crime|Mystery|Thriller,3.44
Star Trek VI: The Undiscovered Country,Action|Mystery|Sci-Fi,3.43
Insomnia,Action|Crime|Drama|Mystery|Thriller,3.42
"Ring, The",Horror|Mystery|Thriller,3.4
Saw,Horror|Mystery|Thriller,3.39
"Village, The",Drama|Mystery|Thriller,3.38
Basic Instinct,Crime|Mystery|Thriller,3.36
Devil in a Blue Dress,Crime|Film-Noir|Mystery|Thriller,3.36
Scream,Comedy|Horror|Mystery|Thriller,3.36
Young Sherlock Holmes,Action|Adventure|Children|Fantasy|Mystery|Thriller,3.36
"Da Vinci Code, The",Drama|Mystery|Thriller,3.35
"Ninth Gate, The",Fantasy|Horror|Mystery|Thriller,3.33
What Lies Beneath,Drama|Horror|Mystery,3.32
Copycat,Crime|Drama|Horror|Mystery|Thriller,3.31
Along Came a Spider,Action|Crime|Mystery|Thriller,3.29
Strange Days,Action|Crime|Drama|Mystery|Sci-Fi|Thriller,3.25
Pacific Heights,Mystery|Thriller,3.23
"Mothman Prophecies, The",Drama|Fantasy|Horror|Mystery|Thriller,3.23
Fletch,Comedy|Crime|Mystery,3.21
"Maze Runner, The",Action|Mystery|Sci-Fi,3.19
Kiss the Girls,Crime|Drama|Mystery|Thriller,3.15
"Number 23, The",Drama|Mystery|Thriller,3.14
Midnight in the Garden of Good and Evil,Crime|Drama|Mystery,3.12
8MM,Drama|Mystery|Thriller,3.11
Wild Things,Crime|Drama|Mystery|Thriller,3.1
"General's Daughter, The",Crime|Drama|Mystery|Thriller,3.07
Clockers,Crime|Drama|Mystery,3.07
Conspiracy Theory,Drama|Mystery|Romance|Thriller,3.07
Scream 2,Comedy|Horror|Mystery|Thriller,3.06
Scooby-Doo,Adventure|Children|Comedy|Fantasy|Mystery,3.06
Something Wicked This Way Comes,Children|Drama|Fantasy|Mystery|Thriller,3.0
"Pelican Brief, The",Crime|Drama|Mystery|Romance|Thriller,3.0
Wes Craven's New Nightmare,Drama|Horror|Mystery|Thriller,3.0
Sommersby,Drama|Mystery|Romance,3.0
Congo,Action|Adventure|Mystery|Sci-Fi,2.98
"Shadow, The",Action|Adventure|Fantasy|Mystery,2.94
Friday the 13th,Horror|Mystery|Thriller,2.94
"Golden Child, The",Action|Adventure|Comedy|Fantasy|Mystery,2.81
Snake Eyes,Action|Crime|Mystery|Thriller,2.8
End of Days,Action|Fantasy|Horror|Mystery|Thriller,2.8
Scream 3,Comedy|Horror|Mystery|Thriller,2.79
Absolute Power,Mystery|Thriller,2.75
"Amityville Horror, The",Drama|Horror|Mystery|Thriller,2.73
Boxing Helena,Drama|Mystery|Romance|Thriller,2.58
Joe Dirt,Adventure|Comedy|Mystery|Romance,2.52
"Grudge, The",Horror|Mystery|Thriller,2.5
I Know What You Did Last Summer,Horror|Mystery|Thriller,2.34
I Still Know What You Did Last Summer,Horror|Mystery|Thriller,2.11
Batman: Mask of the Phantasm,Animation|Children,4.31
Fantastic Mr. Fox,Adventure|Animation|Children|Comedy|Crime,4.28
WALL·E,Adventure|Animation|Children|Romance|Sci-Fi,4.26
Laputa: Castle in the Sky,Action|Adventure|Animation|Children|Fantasy|Sci-Fi,4.25
"Grand Day Out with Wallace and Gromit, A",Adventure|Animation|Children|Comedy|Sci-Fi,4.25
Kiki's Delivery Service,Adventure|Animation|Children|Drama|Fantasy,4.24
Toy Story 3,Adventure|Animation|Children|Comedy|Fantasy|IMAX,4.24
Watership Down,Adventure|Animation|Children|Drama|Fantasy,4.2
Up,Adventure|Animation|Children|Drama,4.18
"Iron Giant, The",Adventure|Animation|Children|Drama|Sci-Fi,4.18
It's a Wonderful Life,Children|Drama|Fantasy|Romance,4.16
Wallace & Gromit: The Wrong Trousers,Animation|Children|Comedy|Crime,4.16
Finding Nemo,Adventure|Animation|Children|Comedy,4.16
How to Train Your Dragon,Adventure|Animation|Children|Fantasy|IMAX,4.15
My Neighbor Totoro,Animation|Children|Drama|Fantasy,4.11
Ponyo,Adventure|Animation|Children|Fantasy,4.09
"Princess and the Frog, The",Animation|Children|Fantasy|Musical|Romance,4.08
Tangled,Animation|Children|Comedy|Fantasy|Musical|Romance|IMAX,4.08
"Christmas Story, A",Children|Comedy,4.07
Zootopia,Action|Adventure|Animation|Children|Comedy,4.06
The Lego Movie,Action|Adventure|Animation|Children|Comedy|Fantasy,4.06
"Monsters, Inc.",Adventure|Animation|Children|Comedy|Fantasy,4.05
"Lion King, The",Adventure|Animation|Children|Drama|Musical|IMAX,4.05
"Incredibles, The",Action|Adventure|Animation|Children|Comedy,4.04
Ratatouille,Animation|Children|Drama,4.04
Shrek,Adventure|Animation|Children|Comedy|Fantasy|Romance,4.03
Toy Story,Adventure|Animation|Children|Comedy|Fantasy,4.03
Mary Poppins,Children|Comedy|Fantasy|Musical,4.01
Toy Story 2,Adventure|Animation|Children|Comedy|Fantasy,4.01
"Little Princess, A",Children|Drama,4.0
Hugo,Children|Drama|Mystery,4.0
Rise of the Guardians,Adventure|Animation|Children|Fantasy|IMAX,4.0
Inside Out,Adventure|Animation|Children|Comedy|Drama|Fantasy,4.0
Lilo & Stitch,Adventure|Animation|Children|Sci-Fi,4.0
Wallace & Gromit: A Close Shave,Animation|Children|Comedy,4.0
"Wizard of Oz, The",Adventure|Children|Fantasy|Musical,3.99
Willy Wonka & the Chocolate Factory,Children|Comedy|Fantasy|Musical,3.97
Harry Potter and the Sorcerer's Stone,Adventure|Children|Fantasy,3.95
Enchanted,Adventure|Animation|Children|Comedy|Fantasy|Musical|Romance,3.94
Fantasia 2000,Animation|Children|Musical|IMAX,3.93
Ice Age,Adventure|Animation|Children|Comedy,3.92
Despicable Me,Animation|Children|Comedy|Crime,3.92
"Emperor's New Groove, The",Adventure|Animation|Children|Comedy|Fantasy,3.92
Fantasia,Animation|Children|Fantasy|Musical,3.92
Madagascar: Escape 2 Africa,Action|Adventure|Animation|Children|Comedy|IMAX,3.92
"Muppet Christmas Carol, The",Children|Comedy|Musical,3.89
E.T. the Extra-Terrestrial,Children|Drama|Sci-Fi,3.89
Rango,Action|Adventure|Animation|Children|Comedy|Western,3.88
Aladdin,Adventure|Animation|Children|Comedy|Musical,3.87
Megamind,Action|Animation|Children|Comedy|Sci-Fi|IMAX,3.85
Elf,Children|Comedy|Fantasy,3.85
Beauty and the Beast,Animation|Children|Fantasy|Musical|Romance|IMAX,3.85
Wallace & Gromit in The Curse of the Were-Rabbit,Adventure|Animation|Children|Comedy,3.83
My Dog Skip,Children|Drama,3.82
"Jungle Book, The",Adventure|Children|Romance,3.82
Doctor Dolittle,Adventure|Children|Musical,3.82
"Secret of Roan Inish, The",Children|Drama|Fantasy|Mystery,3.81
Despicable Me 2,Animation|Children|Comedy|IMAX,3.79
Winnie the Pooh and the Blustery Day,Animation|Children|Musical,3.77
Mulan,Adventure|Animation|Children|Comedy|Drama|Musical|Romance,3.76
Shrek 2,Adventure|Animation|Children|Comedy|Musical|Romance,3.76
"Fox and the Hound, The",Animation|Children|Drama,3.75
Holes,Adventure|Children|Comedy|Mystery,3.75
Secondhand Lions,Children|Comedy|Drama,3.75
"Goonies, The",Action|Adventure|Children|Comedy|Fantasy,3.74
Meet the Robinsons,Action|Adventure|Animation|Children|Comedy|Sci-Fi,3.73
Babe,Children|Drama,3.73
Hotel Transylvania,Animation|Children|Comedy,3.73
"Sword in the Stone, The",Animation|Children|Fantasy|Musical,3.72
"NeverEnding Story, The",Adventure|Children|Fantasy,3.72
Snow White and the Seven Dwarfs,Animation|Children|Drama|Fantasy|Musical,3.71
Over the Hedge,Adventure|Animation|Children|Comedy,3.71
Cloudy with a Chance of Meatballs,Animation|Children|Fantasy|IMAX,3.71
Peter Pan,Animation|Children|Fantasy|Musical,3.71
"Sorcerer's Apprentice, The",Action|Adventure|Children|Comedy|Fantasy,3.7
"Muppet Movie, The",Adventure|Children|Comedy|Musical,3.7
Coco,Adventure|Animation|Children,3.69
Chicken Run,Animation|Children|Comedy,3.69
Kung Fu Panda,Action|Animation|Children|Comedy|IMAX,3.69
Who Framed Roger Rabbit?,Adventure|Animation|Children|Comedy|Crime|Fantasy|Mystery,3.68
"Nightmare Before Christmas, The",Animation|Children|Fantasy|Musical,3.67
"Chronicles of Narnia: Prince Caspian, The",Adventure|Children|Fantasy,3.67
"Chronicles of Narnia: The Lion, the Witch and the Wardrobe, The",Adventure|Children|Fantasy,3.66
"Bug's Life, A",Adventure|Animation|Children|Comedy,3.65
Chitty Chitty Bang Bang,Adventure|Children|Comedy|Fantasy|Musical,3.64
Brave,Action|Adventure|Animation|Children,3.63
Field of Dreams,Children|Drama|Fantasy,3.62
Fly Away Home,Adventure|Children,3.62
"Secret of NIMH, The",Adventure|Animation|Children|Drama,3.62
Cinderella,Animation|Children|Fantasy|Musical|Romance,3.62
Pinocchio,Animation|Children|Fantasy|Musical,3.62
Charlotte's Web,Animation|Children,3.62
Hercules,Adventure|Animation|Children|Comedy|Musical,3.61
Bolt,Action|Adventure|Animation|Children|Comedy,3.61
Cars,Animation|Children|Comedy,3.61
Robin Hood,Adventure|Animation|Children|Comedy|Musical,3.61
Swiss Family Robinson,Adventure|Children,3.6
Moana,Adventure|Animation|Children|Comedy|Fantasy,3.6
"Rescuers Down Under, The",Adventure|Animation|Children,3.6
Madagascar,Adventure|Animation|Children|Comedy,3.58
Bedknobs and Broomsticks,Adventure|Children|Musical,3.58
"Sandlot, The",Children|Comedy|Drama,3.58
Tarzan,Adventure|Animation|Children|Drama,3.58
Jumanji,Adventure|Children|Fantasy,3.58
Homeward Bound II: Lost in San Francisco,Adventure|Children,3.57
"Little Mermaid, The",Animation|Children|Comedy|Musical|Romance,3.55
Bambi,Animation|Children|Drama,3.55
Bedtime Stories,Adventure|Children|Comedy,3.55
Titan A.E.,Action|Adventure|Animation|Children|Sci-Fi,3.55
Lady and the Tramp,Animation|Children|Comedy|Romance,3.53
Atlantis: The Lost Empire,Adventure|Animation|Children|Fantasy,3.53
"Aristocats, The",Animation|Children,3.51
Dumbo,Animation|Children|Drama|Musical,3.51
Anastasia,Adventure|Animation|Children|Drama|Musical,3.5
James and the Giant Peach,Adventure|Animation|Children|Fantasy|Musical,3.49
Ice Age 2: The Meltdown,Adventure|Animation|Children|Comedy,3.48
Minions,Adventure|Animation|Children|Comedy,3.47
Kung Fu Panda 2,Action|Adventure|Animation|Children|Comedy|IMAX,3.47
"Hunchback of Notre Dame, The",Animation|Children|Drama|Musical|Romance,3.45
Sleeping Beauty,Animation|Children|Musical,3.45
"Great Muppet Caper, The",Children|Comedy,3.45
Muppet Treasure Island,Adventure|Children|Comedy|Musical,3.42
"Muppets Take Manhattan, The",Children|Comedy|Musical,3.4
Lemony Snicket's A Series of Unfortunate Events,Adventure|Children|Comedy|Fantasy,3.4
Antz,Adventure|Animation|Children|Comedy|Fantasy,3.4
"Addams Family, The",Children|Comedy|Fantasy,3.39
Matilda,Children|Comedy|Fantasy,3.39
Freaky Friday,Children|Comedy|Fantasy,3.38
"Secret Garden, The",Children|Drama,3.38
Annie,Children|Musical,3.38
Young Sherlock Holmes,Action|Adventure|Children|Fantasy|Mystery|Thriller,3.36
101 Dalmatians,Adventure|Animation|Children,3.35
"American Tail, An",Adventure|Animation|Children|Comedy,3.33
"Golden Compass, The",Adventure|Children|Fantasy,3.33
Robots,Adventure|Animation|Children|Comedy|Fantasy|Sci-Fi|IMAX,3.32
"Road to El Dorado, The",Animation|Children,3.31
Alice in Wonderland,Adventure|Animation|Children|Fantasy|Musical,3.31
Flight of the Navigator,Adventure|Children|Sci-Fi,3.29
"Polar Express, The",Adventure|Animation|Children|Fantasy|IMAX,3.27
Harriet the Spy,Children|Comedy,3.27
"Lord of the Rings, The",Adventure|Animation|Children|Fantasy,3.27
All Dogs Go to Heaven 2,Adventure|Animation|Children|Fantasy|Musical|Romance,3.27
"Princess Diaries, The",Children|Comedy|Romance,3.26
"Parent Trap, The",Children|Comedy|Romance,3.26
Pocahontas,Animation|Children|Drama|Musical|Romance,3.26
"Indian in the Cupboard, The",Adventure|Children|Fantasy,3.26
Charlie and the Chocolate Factory,Adventure|Children|Comedy|Fantasy|IMAX,3.26
Black Beauty,Adventure|Children|Drama,3.25
How the Grinch Stole Christmas,Children|Comedy|Fantasy,3.24
Aladdin and the King of Thieves,Animation|Children|Comedy|Fantasy|Musical|Romance,3.23
"Rescuers, The",Adventure|Animation|Children|Crime|Drama,3.23
Dinosaur,Adventure|Animation|Children,3.21
Spy Kids,Action|Adventure|Children|Comedy,3.21
George of the Jungle,Children|Comedy,3.2
Shrek the Third,Adventure|Animation|Children|Comedy|Fantasy,3.19
Flubber,Children|Comedy|Fantasy,3.19
Addams Family Values,Children|Comedy|Fantasy,3.19
Oliver & Company,Adventure|Animation|Children|Comedy|Musical,3.18
Teenage Mutant Ninja Turtles,Action|Children|Comedy|Fantasy|Sci-Fi,3.12
"Goofy Movie, A",Animation|Children|Comedy|Romance,3.12
Homeward Bound: The Incredible Journey,Adventure|Children|Drama,3.1
Flipper,Adventure|Children,3.1
Home Alone,Children|Comedy,3.09
"Borrowers, The",Adventure|Children|Comedy|Fantasy,3.08
Scooby-Doo,Adventure|Children|Comedy|Fantasy|Mystery,3.06
Maleficent,Action|Adventure|Children|IMAX,3.0
Happy Feet,Adventure|Animation|Children|Comedy|IMAX,3.0
Jingle All the Way,Children|Comedy,3.0
Something Wicked This Way Comes,Children|Drama|Fantasy|Mystery|Thriller,3.0
Babe: Pig in the City,Adventure|Children|Drama,2.97
Small Soldiers,Animation|Children|Fantasy|War,2.94
Where the Wild Things Are,Adventure|Children|Drama|Fantasy|IMAX,2.92
"Honey, I Shrunk the Kids",Adventure|Children|Comedy|Fantasy|Sci-Fi,2.91
Cats & Dogs,Children|Comedy,2.91
Casper,Adventure|Children,2.9
Stuart Little,Children|Comedy|Fantasy,2.89
All Dogs Go to Heaven,Animation|Children|Comedy|Drama|Fantasy,2.87
Space Jam,Adventure|Animation|Children|Comedy|Fantasy|Sci-Fi,2.85
Teenage Mutant Ninja Turtles II: The Secret of the Ooze,Action|Children|Fantasy,2.85
Hocus Pocus,Children|Comedy|Fantasy|Horror,2.83
"American Tail: Fievel Goes West, An",Adventure|Animation|Children|Musical|Western,2.8
"Haunted Mansion, The",Children|Comedy|Fantasy|Horror,2.8
"Muppets, The",Children|Comedy|Musical,2.8
Pete's Dragon,Adventure|Animation|Children|Musical,2.8
Ice Age: Dawn of the Dinosaurs,Action|Adventure|Animation|Children|Comedy|Romance,2.79
"Little Rascals, The",Children|Comedy,2.75
"Mighty Ducks, The",Children|Comedy,2.73
"Apple Dumpling Gang, The",Children|Comedy|Western,2.7
Home Alone 2: Lost in New York,Children|Comedy,2.65
Harry and the Hendersons,Children|Comedy,2.64
Shark Tale,Animation|Children|Comedy,2.62
"Kid in King Arthur's Court, A",Adventure|Children|Comedy|Fantasy|Romance,2.6
Free Willy,Adventure|Children|Drama,2.51
Free Willy 2: The Adventure Home,Adventure|Children|Drama,2.5
Angels in the Outfield,Children|Comedy,2.44
"Flintstones, The",Children|Comedy|Fantasy,2.4
Richie Rich,Children|Comedy,2.4
"Next Karate Kid, The",Action|Children|Romance,2.4
Mighty Morphin Power Rangers: The Movie,Action|Children,2.35
Kazaam,Children|Comedy|Fantasy,2.33
Teenage Mutant Ninja Turtles III,Action|Adventure|Children|Comedy|Fantasy,2.29
Jungle2Jungle,Children|Comedy,2.27
Inspector Gadget,Action|Adventure|Children|Comedy,2.24
"Honey, I Blew Up the Kid",Children|Comedy|Sci-Fi,2.15
Super Mario Bros.,Action|Adventure|Children|Comedy|Fantasy|Sci-Fi,2.1
Beethoven,Children|Comedy|Drama,1.91
"Karate Kid, Part III, The",Action|Adventure|Children|Drama,1.86
Problem Child,Children|Comedy,1.75
"Flintstones in Viva Rock Vegas, The",Children|Comedy,1.67
Logan,Action|Sci-Fi,4.44
Eternal Sunshine of the Spotless Mind,Drama|Romance|Sci-Fi,4.35
Star Wars: Episode IV - A New Hope,Action|Adventure|Sci-Fi,4.33
Ghost in the Shell,Animation|Sci-Fi,4.33
Star Wars: Episode V - The Empire Strikes Back,Action|Adventure|Sci-Fi,4.33
"Matrix, The",Action|Sci-Fi|Thriller,4.32
Brazil,Fantasy|Sci-Fi,4.31
"Girl Who Leapt Through Time, The",Animation|Comedy|Drama|Romance|Sci-Fi,4.3
"Prestige, The",Drama|Mystery|Sci-Fi|Thriller,4.27
Nausicaä of the Valley of the Wind,Adventure|Animation|Drama|Fantasy|Sci-Fi,4.26
WALL·E,Adventure|Animation|Children|Romance|Sci-Fi,4.26
"Grand Day Out with Wallace and Gromit, A",Adventure|Animation|Children|Comedy|Sci-Fi,4.25
Thor: Ragnarok,Action|Adventure|Sci-Fi,4.25
Guardians of the Galaxy,Action|Adventure|Sci-Fi,4.25
Laputa: Castle in the Sky,Action|Adventure|Animation|Children|Fantasy|Sci-Fi,4.25
Star Wars: Episode VI - Return of the Jedi,Action|Adventure|Sci-Fi,4.25
Cowboy Bebop: The Movie,Action|Animation|Sci-Fi|Thriller,4.25
Inception,Action|Crime|Drama|Mystery|Sci-Fi|Thriller|IMAX,4.24
Blade Runner,Action|Sci-Fi|Thriller,4.23
28 Days Later,Action|Horror|Sci-Fi,4.21
Edge of Tomorrow,Action|Sci-Fi|IMAX,4.2
Watchmen,Action|Drama|Mystery|Sci-Fi|Thriller|IMAX,4.19
The Martian,Adventure|Drama|Sci-Fi,4.19
"Iron Giant, The",Adventure|Animation|Children|Drama|Sci-Fi,4.18
Donnie Darko,Drama|Mystery|Sci-Fi|Thriller,4.18
Ex Machina,Drama|Sci-Fi|Thriller,4.18
"Cabin in the Woods, The",Comedy|Horror|Sci-Fi|Thriller,4.18
"City of Lost Children, The",Adventure|Drama|Fantasy|Mystery|Sci-Fi,4.18
Back to the Future,Adventure|Comedy|Sci-Fi,4.17
Limitless,Sci-Fi|Thriller,4.17
Serenity,Action|Adventure|Sci-Fi,4.16
Interstellar,Sci-Fi|IMAX,4.16
Star Wars: Episode VII - The Force Awakens,Action|Adventure|Fantasy|Sci-Fi|IMAX,4.15
Avengers: Infinity War - Part I,Action|Adventure|Sci-Fi,4.15
Children of Men,Action|Adventure|Drama|Sci-Fi|Thriller,4.14
Dr. Horrible's Sing-Along Blog,Comedy|Drama|Musical|Sci-Fi,4.12
Arrival,Sci-Fi,4.12
"Road Warrior, The",Action|Adventure|Sci-Fi|Thriller,4.12
"Clockwork Orange, A",Crime|Drama|Sci-Fi|Thriller,4.12
Moon,Drama|Mystery|Sci-Fi|Thriller,4.12
Aliens,Action|Adventure|Horror|Sci-Fi,4.1
Predestination,Action|Mystery|Sci-Fi|Thriller,4.1
V for Vendetta,Action|Sci-Fi|Thriller|IMAX,4.1
The Hunger Games: Mockingjay - Part 1,Adventure|Sci-Fi|Thriller,4.09
Frankenstein,Drama|Horror|Sci-Fi,4.09
Equilibrium,Action|Sci-Fi|Thriller,4.09
Terminator 2: Judgment Day,Action|Sci-Fi,4.08
Gattaca,Drama|Sci-Fi|Thriller,4.08
Twelve Monkeys,Mystery|Sci-Fi|Thriller,4.08
Alien,Horror|Sci-Fi,4.08
Guardians of the Galaxy 2,Action|Adventure|Sci-Fi,4.07
X-Men: Days of Future Past,Action|Adventure|Sci-Fi,4.07
Rogue One: A Star Wars Story,Action|Adventure|Fantasy|Sci-Fi,4.07
Blade Runner 2049,Sci-Fi,4.06
Metropolis,Drama|Sci-Fi,4.06
Hellboy II: The Golden Army,Action|Adventure|Fantasy|Sci-Fi,4.06
X-Men: First Class,Action|Adventure|Sci-Fi|Thriller|War,4.05
eXistenZ,Action|Sci-Fi|Thriller,4.05
Iron Man,Action|Adventure|Sci-Fi,4.04
Her,Drama|Romance|Sci-Fi,4.04
Pi,Drama|Sci-Fi|Thriller,4.04
Star Trek,Action|Adventure|Sci-Fi|IMAX,4.03
Spider-Man 2,Action|Adventure|Sci-Fi|IMAX,4.03
"Truman Show, The",Comedy|Drama|Sci-Fi,4.03
Deadpool,Action|Adventure|Comedy|Sci-Fi,4.02
"Terminator, The",Action|Sci-Fi|Thriller,4.02
Dark City,Adventure|Film-Noir|Sci-Fi|Thriller,4.02
Futurama: Bender's Big Score,Animation|Comedy|Sci-Fi,4.0
Deadpool 2,Action|Comedy|Sci-Fi,4.0
Planet Terror,Action|Horror|Sci-Fi,4.0
You Only Live Twice,Action|Adventure|Sci-Fi|Thriller,4.0
"Thing, The",Action|Horror|Sci-Fi|Thriller,4.0
Lilo & Stitch,Adventure|Animation|Children|Sci-Fi,4.0
Fahrenheit 451,Drama|Sci-Fi,4.0
District 9,Mystery|Sci-Fi|Thriller,4.0
"Animatrix, The",Action|Animation|Drama|Sci-Fi,4.0
Star Trek: First Contact,Action|Adventure|Sci-Fi|Thriller,3.98
2001: A Space Odyssey,Adventure|Drama|Sci-Fi,3.98
Captain America: The Winter Soldier,Action|Adventure|Sci-Fi|IMAX,3.97
Ant-Man,Action|Adventure|Sci-Fi,3.96
Mad Max: Fury Road,Action|Adventure|Sci-Fi|Thriller,3.96
Battlestar Galactica,Drama|Sci-Fi|War,3.95
Primer,Drama|Sci-Fi,3.94
Idiocracy,Adventure|Comedy|Sci-Fi|Thriller,3.94
Forbidden Planet,Drama|Sci-Fi,3.92
Contagion,Sci-Fi|Thriller|IMAX,3.92
"Day the Earth Stood Still, The",Drama|Sci-Fi|Thriller,3.92
Black Panther,Action|Adventure|Sci-Fi,3.91
"Fifth Element, The",Action|Adventure|Comedy|Sci-Fi,3.91
Doctor Strange,Action|Adventure|Sci-Fi,3.91
X2: X-Men United,Action|Adventure|Sci-Fi|Thriller,3.91
Source Code,Action|Drama|Mystery|Sci-Fi|Thriller,3.91
Ghostbusters,Action|Comedy|Sci-Fi,3.9
Open Your Eyes,Drama|Romance|Sci-Fi|Thriller,3.9
The Hunger Games: Mockingjay - Part 2,Adventure|Sci-Fi,3.9
Star Trek Into Darkness,Action|Adventure|Sci-Fi|IMAX,3.89
E.T. the Extra-Terrestrial,Children|Drama|Sci-Fi,3.89
Cloud Atlas,Drama|Sci-Fi|IMAX,3.89
The Hunger Games: Catching Fire,Action|Adventure|Sci-Fi|IMAX,3.88
The Butterfly Effect,Drama|Sci-Fi|Thriller,3.87
Close Encounters of the Third Kind,Adventure|Drama|Sci-Fi,3.87
Star Trek II: The Wrath of Khan,Action|Adventure|Sci-Fi|Thriller,3.87
Bill & Ted's Excellent Adventure,Adventure|Comedy|Sci-Fi,3.87
Pacific Rim,Action|Adventure|Sci-Fi|IMAX,3.86
Dredd,Action|Sci-Fi,3.86
28 Weeks Later,Horror|Sci-Fi|Thriller,3.86
Super 8,Mystery|Sci-Fi|Thriller|IMAX,3.86
X-Men,Action|Adventure|Sci-Fi,3.86
Sleeper,Comedy|Sci-Fi,3.86
9,Adventure|Animation|Sci-Fi,3.86
Megamind,Action|Animation|Children|Comedy|Sci-Fi|IMAX,3.85
Invasion of the Body Snatchers,Horror|Sci-Fi|Thriller,3.85
"Avengers, The",Action|Adventure|Sci-Fi|IMAX,3.85
Akira,Action|Adventure|Animation|Sci-Fi,3.85
Looper,Action|Crime|Sci-Fi,3.84
Time Bandits,Adventure|Comedy|Fantasy|Sci-Fi,3.83
Jurassic Park,Action|Adventure|Sci-Fi|Thriller,3.83
Night of the Living Dead,Horror|Sci-Fi|Thriller,3.82
Contact,Drama|Sci-Fi,3.82
Captain America: Civil War,Action|Sci-Fi|Thriller,3.82
Minority Report,Action|Crime|Mystery|Sci-Fi|Thriller,3.82
"Scanner Darkly, A",Animation|Drama|Mystery|Sci-Fi|Thriller,3.82
Star Trek Beyond,Action|Adventure|Sci-Fi,3.8
Sunshine,Adventure|Drama|Sci-Fi|Thriller,3.79
1984,Drama|Sci-Fi,3.79
Gravity,Action|Sci-Fi|IMAX,3.78
Total Recall,Action|Adventure|Sci-Fi|Thriller,3.76
Avatar,Action|Adventure|Sci-Fi|IMAX,3.76
Iron Man 3,Action|Sci-Fi|Thriller|IMAX,3.75
Captain America: The First Avenger,Action|Adventure|Sci-Fi|Thriller|War,3.75
"I, Robot",Action|Adventure|Sci-Fi|Thriller,3.74
Spider-Man,Action|Adventure|Sci-Fi|Thriller,3.73
Meet the Robinsons,Action|Adventure|Animation|Children|Comedy|Sci-Fi,3.73
Pitch Black,Horror|Sci-Fi|Thriller,3.72
I Am Legend,Action|Horror|Sci-Fi|Thriller|IMAX,3.71
In Time,Crime|Sci-Fi|Thriller,3.71
2010: The Year We Make Contact,Sci-Fi,3.71
Superman,Action|Adventure|Sci-Fi,3.7
Iron Man 2,Action|Adventure|Sci-Fi|Thriller|IMAX,3.7
Predators,Action|Sci-Fi|Thriller,3.7
Final Fantasy VII: Advent Children,Action|Adventure|Animation|Fantasy|Sci-Fi,3.7
Re-Animator,Comedy|Horror|Sci-Fi,3.7
Galaxy Quest,Adventure|Comedy|Sci-Fi,3.69
Ender's Game,Action|Adventure|Sci-Fi|IMAX,3.69
Predator,Action|Sci-Fi|Thriller,3.69
Unbreakable,Drama|Sci-Fi,3.68
Avengers: Age of Ultron,Action|Adventure|Sci-Fi,3.67
The Hunger Games,Action|Adventure|Drama|Sci-Fi|Thriller,3.67
Snowpiercer,Action|Drama|Sci-Fi,3.67
Rise of the Planet of the Apes,Action|Drama|Sci-Fi|Thriller,3.67
Mad Max,Action|Adventure|Sci-Fi,3.66
Solaris,Drama|Romance|Sci-Fi,3.65
Back to the Future Part II,Adventure|Comedy|Sci-Fi,3.64
Men in Black,Action|Comedy|Sci-Fi,3.64
K-PAX,Drama|Fantasy|Mystery|Sci-Fi,3.64
Spaceballs,Comedy|Sci-Fi,3.63
Dune,Adventure|Sci-Fi,3.62
Elysium,Action|Drama|Sci-Fi|IMAX,3.62
"Adventures of Buckaroo Banzai Across the 8th Dimension, The",Adventure|Comedy|Sci-Fi,3.62
Heavy Metal,Action|Adventure|Animation|Horror|Sci-Fi,3.61
"World's End, The",Action|Comedy|Sci-Fi,3.61
Sneakers,Action|Comedy|Crime|Drama|Sci-Fi,3.61
"Abyss, The",Action|Adventure|Sci-Fi|Thriller,3.61
"Island, The",Action|Sci-Fi|Thriller,3.61
Dawn of the Planet of the Apes,Sci-Fi,3.6
Star Wars: Episode III - Revenge of the Sith,Action|Adventure|Sci-Fi,3.59
Vanilla Sky,Mystery|Romance|Sci-Fi|Thriller,3.59
Grindhouse,Action|Crime|Horror|Sci-Fi|Thriller,3.59
Independence Day,Action|Adventure|Sci-Fi|Thriller,3.59
"Hitchhiker's Guide to the Galaxy, The",Adventure|Comedy|Sci-Fi,3.59
Mystery Science Theater 3000: The Movie,Comedy|Sci-Fi,3.58
X-Men: The Last Stand,Action|Sci-Fi|Thriller,3.58
Final Fantasy: The Spirits Within,Adventure|Animation|Fantasy|Sci-Fi,3.58
"Mist, The",Horror|Sci-Fi,3.57
Star Trek IV: The Voyage Home,Adventure|Comedy|Sci-Fi,3.56
"Wolverine, The",Action|Adventure|Fantasy|Sci-Fi,3.56
Tremors,Comedy|Horror|Sci-Fi,3.56
Transformers,Action|Sci-Fi|Thriller|IMAX,3.56
"X-Files: Fight the Future, The",Action|Crime|Mystery|Sci-Fi|Thriller,3.55
Déjà Vu,Action|Sci-Fi|Thriller,3.55
Titan A.E.,Action|Adventure|Animation|Children|Sci-Fi,3.55
"Matrix Reloaded, The",Action|Adventure|Sci-Fi|Thriller|IMAX,3.55
A.I. Artificial Intelligence,Adventure|Drama|Sci-Fi,3.54
Hot Tub Time Machine,Comedy|Sci-Fi,3.53
Soylent Green,Drama|Mystery|Sci-Fi|Thriller,3.53
"20,000 Leagues Under the Sea",Adventure|Drama|Sci-Fi,3.53
Repo Man,Comedy|Sci-Fi,3.52
Cube,Horror|Mystery|Sci-Fi|Thriller,3.52
"Chronicles of Riddick, The",Action|Sci-Fi|Thriller,3.52
Prometheus,Action|Horror|Sci-Fi|IMAX,3.52
Back to the Future Part III,Adventure|Comedy|Sci-Fi|Western,3.52
Escape from New York,Action|Adventure|Sci-Fi|Thriller,3.51
Oblivion,Action|Adventure|Sci-Fi|IMAX,3.5
Men in Black III,Action|Comedy|Sci-Fi|IMAX,3.5
Terminator Salvation,Action|Adventure|Sci-Fi|Thriller,3.5
"Amazing Spider-Man, The",Action|Adventure|Sci-Fi|IMAX,3.5
RoboCop,Action|Crime|Drama|Sci-Fi|Thriller,3.5
Man of Steel,Action|Adventure|Fantasy|Sci-Fi|IMAX,3.5
Outbreak,Action|Drama|Sci-Fi|Thriller,3.49
WarGames,Drama|Sci-Fi|Thriller,3.48
Cloverfield,Action|Mystery|Sci-Fi|Thriller,3.48
Jurassic World,Action|Adventure|Drama|Sci-Fi|Thriller,3.48
"Rocky Horror Picture Show, The",Comedy|Horror|Musical|Sci-Fi,3.48
Screamers,Action|Sci-Fi|Thriller,3.47
Paul,Adventure|Comedy|Sci-Fi,3.47
"Fly, The",Drama|Horror|Sci-Fi|Thriller,3.46
Starship Troopers,Action|Sci-Fi,3.46
Stargate,Action|Adventure|Sci-Fi,3.46
Short Circuit,Comedy|Sci-Fi,3.45
Tron,Action|Adventure|Sci-Fi,3.44
Westworld,Action|Sci-Fi|Thriller|Western,3.44
Star Trek: Generations,Adventure|Drama|Sci-Fi,3.44
"Incredible Hulk, The",Action|Sci-Fi,3.43
"Adjustment Bureau, The",Romance|Sci-Fi|Thriller,3.43
Star Trek VI: The Undiscovered Country,Action|Mystery|Sci-Fi,3.43
Star Wars: The Last Jedi,Action|Adventure|Fantasy|Sci-Fi,3.42
Tron: Legacy,Action|Adventure|Sci-Fi|IMAX,3.42
Planet of the Apes,Action|Drama|Sci-Fi,3.41
War of the Worlds,Action|Adventure|Sci-Fi|Thriller,3.4
Star Trek III: The Search for Spock,Action|Adventure|Sci-Fi,3.38
Mad Max Beyond Thunderdome,Action|Adventure|Sci-Fi,3.38
"Matrix Revolutions, The",Action|Adventure|Sci-Fi|Thriller|IMAX,3.38
Cocoon,Comedy|Sci-Fi,3.37
"Running Man, The",Action|Sci-Fi,3.35
Signs,Horror|Sci-Fi|Thriller,3.35
Terminator 3: Rise of the Machines,Action|Adventure|Sci-Fi,3.33
"Rocketeer, The",Action|Adventure|Sci-Fi,3.33
"Saint, The",Action|Romance|Sci-Fi|Thriller,3.33
Star Wars: Episode II - Attack of the Clones,Action|Adventure|Sci-Fi|IMAX,3.32
Superman Returns,Action|Adventure|Sci-Fi|IMAX,3.32
Robots,Adventure|Animation|Children|Comedy|Fantasy|Sci-Fi|IMAX,3.32
Resident Evil: Extinction,Action|Horror|Sci-Fi|Thriller,3.3
Star Trek: Insurrection,Action|Drama|Romance|Sci-Fi,3.3
Spider-Man 3,Action|Adventure|Sci-Fi|Thriller|IMAX,3.3
X-Men: Apocalypse,Action|Adventure|Fantasy|Sci-Fi,3.29
Flight of the Navigator,Adventure|Children|Sci-Fi,3.29
Logan's Run,Action|Adventure|Sci-Fi,3.29
"Day After Tomorrow, The",Action|Adventure|Drama|Sci-Fi|Thriller,3.28
Jumper,Action|Adventure|Drama|Sci-Fi|Thriller,3.28
Alien³,Action|Horror|Sci-Fi|Thriller,3.28
John Carter,Action|Adventure|Sci-Fi|IMAX,3.27
Moonraker,Action|Adventure|Sci-Fi|Thriller,3.27
Weird Science,Comedy|Fantasy|Sci-Fi,3.27
Star Trek: Nemesis,Action|Drama|Sci-Fi|Thriller,3.26
"War of the Worlds, The",Action|Drama|Sci-Fi,3.25
Strange Days,Action|Crime|Drama|Mystery|Sci-Fi|Thriller,3.25
Star Wars: Episode I - The Phantom Menace,Action|Adventure|Sci-Fi,3.24
Deep Impact,Drama|Sci-Fi|Thriller,3.23
Starman,Adventure|Drama|Romance|Sci-Fi,3.23
Divergent,Adventure|Romance|Sci-Fi|IMAX,3.22
Mars Attacks!,Action|Comedy|Sci-Fi,3.21
Powder,Drama|Sci-Fi,3.21
Demolition Man,Action|Adventure|Sci-Fi,3.21
Surrogates,Action|Sci-Fi|Thriller,3.21
Armageddon,Action|Romance|Sci-Fi|Thriller,3.2
Resident Evil,Action|Horror|Sci-Fi|Thriller,3.2
"Maze Runner, The",Action|Mystery|Sci-Fi,3.19
Evolution,Comedy|Sci-Fi,3.19
Paycheck,Action|Sci-Fi|Thriller,3.18
"Arrival, The",Action|Sci-Fi|Thriller,3.18
Innerspace,Action|Adventure|Comedy|Sci-Fi,3.17
Alien Nation,Crime|Drama|Sci-Fi|Thriller,3.15
X-Men Origins: Wolverine,Action|Sci-Fi|Thriller,3.15
Bill & Ted's Bogus Journey,Adventure|Comedy|Fantasy|Sci-Fi,3.15
Ghostbusters II,Comedy|Fantasy|Sci-Fi,3.15
Men in Black II,Action|Comedy|Sci-Fi,3.15
Superman II,Action|Sci-Fi,3.14
Next,Action|Sci-Fi|Thriller,3.14
Teenage Mutant Ninja Turtles,Action|Children|Comedy|Fantasy|Sci-Fi,3.12
Star Trek: The Motion Picture,Adventure|Sci-Fi,3.11
Suicide Squad,Action|Crime|Sci-Fi,3.08
"Thirteenth Floor, The",Drama|Sci-Fi|Thriller,3.08
Escape from the Planet of the Apes,Action|Sci-Fi,3.07
Flatliners,Horror|Sci-Fi|Thriller,3.07
Mary Shelley's Frankenstein,Drama|Horror|Sci-Fi,3.07
Aeon Flux,Action|Sci-Fi,3.05
Indiana Jones and the Kingdom of the Crystal Skull,Action|Adventure|Comedy|Sci-Fi,3.05
Escape from L.A.,Action|Adventure|Sci-Fi|Thriller,3.05
Predator 2,Action|Sci-Fi|Thriller,3.05
Event Horizon,Horror|Sci-Fi|Thriller,3.04
Space Cowboys,Action|Adventure|Comedy|Sci-Fi,3.04
Tank Girl,Action|Comedy|Sci-Fi,3.03
Alien: Resurrection,Action|Horror|Sci-Fi,3.02
"One, The",Action|Sci-Fi|Thriller,3.0
AVP: Alien vs. Predator,Action|Horror|Sci-Fi|Thriller,3.0
Lucy,Action|Sci-Fi,3.0
Waterworld,Action|Adventure|Sci-Fi,3.0
Village of the Damned,Horror|Sci-Fi,3.0
"Time Machine, The",Action|Adventure|Sci-Fi,3.0
Congo,Action|Adventure|Mystery|Sci-Fi,2.98
"6th Day, The",Action|Sci-Fi|Thriller,2.95
Jurassic Park III,Action|Adventure|Sci-Fi|Thriller,2.94
Fantastic Four,Action|Adventure|Sci-Fi,2.94
Forever Young,Drama|Romance|Sci-Fi,2.93
Resident Evil: Apocalypse,Action|Horror|Sci-Fi|Thriller,2.93
Phantasm,Horror|Sci-Fi,2.93
Deep Blue Sea,Action|Horror|Sci-Fi|Thriller,2.93
Sphere,Sci-Fi|Thriller,2.91
"Dude, Where's My Car?",Comedy|Sci-Fi,2.91
"Honey, I Shrunk the Kids",Adventure|Children|Comedy|Fantasy|Sci-Fi,2.91
Mission to Mars,Sci-Fi,2.9
Sky Captain and the World of Tomorrow,Action|Adventure|Sci-Fi,2.89
Junior,Comedy|Sci-Fi,2.89
"Lost World: Jurassic Park, The",Action|Adventure|Sci-Fi|Thriller,2.88
Bicentennial Man,Drama|Romance|Sci-Fi,2.87
"Island of Dr. Moreau, The",Sci-Fi|Thriller,2.85
Space Jam,Adventure|Animation|Children|Comedy|Fantasy|Sci-Fi,2.85
Virtuosity,Action|Sci-Fi|Thriller,2.84
Beneath the Planet of the Apes,Action|Sci-Fi,2.83
"Lawnmower Man, The",Action|Horror|Sci-Fi|Thriller,2.83
Conquest of the Planet of the Apes,Action|Sci-Fi,2.83
The Amazing Spider-Man 2,Action|Sci-Fi|IMAX,2.82
Hulk,Action|Adventure|Sci-Fi,2.82
"League of Extraordinary Gentlemen, The",Action|Fantasy|Sci-Fi,2.81
"Nutty Professor, The",Comedy|Fantasy|Romance|Sci-Fi,2.81
Fantastic Four: Rise of the Silver Surfer,Action|Adventure|Sci-Fi,2.8
RoboCop 2,Action|Crime|Sci-Fi|Thriller,2.8
Johnny Mnemonic,Action|Sci-Fi|Thriller,2.79
Spawn,Action|Adventure|Sci-Fi|Thriller,2.77
2012,Action|Drama|Sci-Fi|Thriller,2.76
Species,Horror|Sci-Fi,2.76
Judge Dredd,Action|Crime|Sci-Fi,2.74
Star Trek V: The Final Frontier,Action|Sci-Fi,2.73
Barb Wire,Action|Sci-Fi,2.7
"Faculty, The",Horror|Sci-Fi,2.65
Bulletproof Monk,Action|Adventure|Sci-Fi,2.64
Transformers: Dark of the Moon,Action|Adventure|Sci-Fi|War|IMAX,2.64
Timecop,Action|Sci-Fi|Thriller,2.62
Mimic,Horror|Sci-Fi|Thriller,2.62
Batman v Superman: Dawn of Justice,Action|Adventure|Fantasy|Sci-Fi,2.62
Green Lantern,Action|Adventure|Sci-Fi,2.6
Transformers: Revenge of the Fallen,Action|Adventure|Sci-Fi|IMAX,2.6
Lost in Space,Action|Adventure|Sci-Fi,2.59
Red Planet,Action|Sci-Fi|Thriller,2.54
Coneheads,Comedy|Sci-Fi,2.52
Hollow Man,Horror|Sci-Fi|Thriller,2.49
RoboCop 3,Action|Crime|Drama|Sci-Fi|Thriller,2.43
Universal Soldier,Action|Sci-Fi,2.41
Superman III,Action|Adventure|Sci-Fi,2.41
"Astronaut's Wife, The",Horror|Sci-Fi|Thriller,2.36
Wild Wild West,Action|Comedy|Sci-Fi|Western,2.34
Godzilla,Action|Sci-Fi|Thriller,2.33
Howard the Duck,Adventure|Comedy|Sci-Fi,2.25
Ultraviolet,Action|Fantasy|Sci-Fi|Thriller,2.23
Doom,Action|Horror|Sci-Fi,2.2
"Honey, I Blew Up the Kid",Children|Comedy|Sci-Fi,2.15
Super Mario Bros.,Action|Adventure|Children|Comedy|Fantasy|Sci-Fi,2.1
Battlefield Earth,Action|Sci-Fi,1.79
Superman IV: The Quest for Peace,Action|Adventure|Sci-Fi,1.75
All Quiet on the Western Front,Action|Drama|War,4.6
"Boondock Saints, The",Action|Crime|Drama|Thriller,4.51
Elite Squad,Action|Crime|Drama|Thriller,4.5
Once Upon a Time in the West,Action|Drama|Western,4.5
Fight Club,Action|Crime|Drama|Thriller,4.44
Logan,Action|Sci-Fi,4.44
"Dark Knight, The",Action|Crime|Drama|IMAX,4.43
"Princess Bride, The",Action|Adventure|Comedy|Fantasy|Romance,4.37
"Boot, Das",Action|Drama|War,4.35
Inglourious Basterds,Action|Drama|War,4.34
Star Wars: Episode V - The Empire Strikes Back,Action|Adventure|Sci-Fi,4.33
Seven Samurai,Action|Adventure|Drama,4.33
Star Wars: Episode IV - A New Hope,Action|Adventure|Sci-Fi,4.33
Apocalypse Now,Action|Drama|War,4.33
"Matrix, The",Action|Sci-Fi|Thriller,4.32
Raiders of the Lost Ark,Action|Adventure,4.32
Yojimbo,Action|Adventure,4.31
Untitled Spider-Man Reboot,Action|Adventure|Fantasy,4.31
For a Few Dollars More,Action|Drama|Thriller|Western,4.3
Zero Dark Thirty,Action|Drama|Thriller,4.29
City of God,Action|Adventure|Crime|Drama|Thriller,4.29
North by Northwest,Action|Adventure|Mystery|Romance|Thriller,4.28
Saving Private Ryan,Action|Drama|War,4.28
"Lord of the Rings: The Return of the King, The",Action|Adventure|Drama|Fantasy,4.28
"Outlaw Josey Wales, The",Action|Adventure|Drama|Thriller|Western,4.28
"Great Escape, The",Action|Adventure|Drama|War,4.28
Kelly's Heroes,Action|Comedy|War,4.27
"Hurt Locker, The",Action|Drama|Thriller|War,4.26
"Good, the Bad and the Ugly, The",Action|Adventure|Western,4.25
Thor: Ragnarok,Action|Adventure|Sci-Fi,4.25
Ong-Bak: The Thai Warrior,Action|Thriller,4.25
Guardians of the Galaxy,Action|Adventure|Sci-Fi,4.25
Laputa: Castle in the Sky,Action|Adventure|Animation|Children|Fantasy|Sci-Fi,4.25
Star Wars: Episode VI - Return of the Jedi,Action|Adventure|Sci-Fi,4.25
Cowboy Bebop: The Movie,Action|Animation|Sci-Fi|Thriller,4.25
3:10 to Yuma,Action|Crime|Drama|Western,4.24
Inception,Action|Crime|Drama|Mystery|Sci-Fi|Thriller|IMAX,4.24
Enter the Dragon,Action|Crime,4.23
Blade Runner,Action|Sci-Fi|Thriller,4.23
"Femme Nikita, La",Action|Crime|Romance|Thriller,4.23
Hot Fuzz,Action|Comedy|Crime|Mystery,4.23
Into the Wild,Action|Adventure|Drama,4.22
28 Days Later,Action|Horror|Sci-Fi,4.21
Edge of Tomorrow,Action|Sci-Fi|IMAX,4.2
Kill Bill: Vol. 1,Action|Crime|Thriller,4.2
"Legend of Drunken Master, The",Action|Comedy,4.19
Scarface,Action|Crime|Drama,4.19
Watchmen,Action|Drama|Mystery|Sci-Fi|Thriller|IMAX,4.19
Army of Darkness,Action|Adventure|Comedy|Fantasy|Horror,4.18
Indiana Jones and the Last Crusade,Action|Adventure,4.18
Battle Royale,Action|Drama|Horror|Thriller,4.17
"Dark Knight Rises, The",Action|Adventure|Crime|IMAX,4.16
Serenity,Action|Adventure|Sci-Fi,4.16
Hero,Action|Adventure|Drama,4.16
Casino Royale,Action|Adventure|Thriller,4.16
Run Lola Run,Action|Crime,4.15
Avengers: Infinity War - Part I,Action|Adventure|Sci-Fi,4.15
Evil Dead II,Action|Comedy|Fantasy|Horror,4.15
Star Wars: Episode VII - The Force Awakens,Action|Adventure|Fantasy|Sci-Fi|IMAX,4.15
Django Unchained,Action|Drama|Western,4.14
Braveheart,Action|Drama|War,4.14
Children of Men,Action|Adventure|Drama|Sci-Fi|Thriller,4.14
Léon: The Professional,Action|Crime|Drama|Thriller,4.14
"Last Samurai, The",Action|Adventure|Drama|War,4.13
Harry Potter and the Deathly Hallows: Part 2,Action|Adventure|Drama|Fantasy|Mystery|IMAX,4.12
"Road Warrior, The",Action|Adventure|Sci-Fi|Thriller,4.12
Kingsman: The Secret Service,Action|Adventure|Comedy|Crime,4.11
Henry V,Action|Drama|Romance|War,4.11
Dawn of the Dead,Action|Drama|Horror,4.11
Harry Potter and the Deathly Hallows: Part 1,Action|Adventure|Fantasy|IMAX,4.11
V for Vendetta,Action|Sci-Fi|Thriller|IMAX,4.1
Predestination,Action|Mystery|Sci-Fi|Thriller,4.1
Jaws,Action|Horror,4.1
Empire of the Sun,Action|Adventure|Drama|War,4.1
"Fistful of Dollars, A",Action|Western,4.1
Ip Man,Action|Drama|War,4.1
Aliens,Action|Adventure|Horror|Sci-Fi,4.1
Drunken Master,Action|Comedy,4.1
"Killer, The",Action|Crime|Drama|Thriller,4.09
Sherlock Holmes,Action|Crime|Mystery|Thriller,4.09
Ben-Hur,Action|Adventure|Drama,4.09
"Longest Day, The",Action|Drama|War,4.09
Equilibrium,Action|Sci-Fi|Thriller,4.09
Gladiator,Action|Adventure|Drama,4.09
Princess Mononoke,Action|Adventure|Animation|Drama|Fantasy,4.08
"Blind Swordsman: Zatoichi, The",Action|Comedy|Crime|Drama,4.08
Terminator 2: Judgment Day,Action|Sci-Fi,4.08
Rogue One: A Star Wars Story,Action|Adventure|Fantasy|Sci-Fi,4.07
Brotherhood of the Wolf,Action|Mystery|Thriller,4.07
X-Men: Days of Future Past,Action|Adventure|Sci-Fi,4.07
Guardians of the Galaxy 2,Action|Adventure|Sci-Fi,4.07
Batman Begins,Action|Crime|IMAX,4.07
How to Train Your Dragon 2,Action|Adventure|Animation,4.07
Zombieland,Action|Comedy|Horror,4.06
"Untouchables, The",Action|Crime|Drama,4.06
The Lego Movie,Action|Adventure|Animation|Children|Comedy|Fantasy,4.06
Hellboy II: The Golden Army,Action|Adventure|Fantasy|Sci-Fi,4.06
Zootopia,Action|Adventure|Animation|Children|Comedy,4.06
Shaolin Soccer,Action|Comedy,4.06
Sin City,Action|Crime|Film-Noir|Mystery|Thriller,4.06
Kill Bill: Vol. 2,Action|Drama|Thriller,4.05
Big Hero 6,Action|Animation|Comedy,4.05
"Professional, The",Action|Drama|Thriller,4.05
eXistenZ,Action|Sci-Fi|Thriller,4.05
Munich,Action|Crime|Drama|Thriller,4.05
X-Men: First Class,Action|Adventure|Sci-Fi|Thriller|War,4.05
Iron Man,Action|Adventure|Sci-Fi,4.04
"Incredibles, The",Action|Adventure|Animation|Children|Comedy,4.04
21 Jump Street,Action|Comedy|Crime,4.04
Shooter,Action|Drama|Thriller,4.04
"Crouching Tiger, Hidden Dragon",Action|Drama|Romance,4.04
"French Connection, The",Action|Crime|Thriller,4.03
The Count of Monte Cristo,Action|Adventure|Drama|Thriller,4.03
"Dirty Dozen, The",Action|Drama|War,4.03
Star Trek,Action|Adventure|Sci-Fi|IMAX,4.03
Spider-Man 2,Action|Adventure|Sci-Fi|IMAX,4.03
Butch Cassidy and the Sundance Kid,Action|Western,4.03
Deadpool,Action|Adventure|Comedy|Sci-Fi,4.02
"Terminator, The",Action|Sci-Fi|Thriller,4.02
Skyfall,Action|Adventure|Thriller|IMAX,4.02
Heat,Action|Crime|Thriller,4.02
"Bourne Identity, The",Action|Mystery|Thriller,4.01
White Squall,Action|Adventure|Drama,4.0
"Thing, The",Action|Horror|Sci-Fi|Thriller,4.0
Deadpool 2,Action|Comedy|Sci-Fi,4.0
Rush,Action|Drama,4.0
You Only Live Twice,Action|Adventure|Sci-Fi|Thriller,4.0
"Hunt for Red October, The",Action|Adventure|Thriller,4.0
Planet Terror,Action|Horror|Sci-Fi,4.0
American Sniper,Action|War,4.0
Ninja Scroll,Action|Adventure|Animation|Fantasy,4.0
John Wick,Action|Thriller,4.0
Body of Lies,Action|Drama|Thriller,4.0
Big Trouble in Little China,Action|Adventure|Comedy|Fantasy,4.0
Sherlock Holmes: A Game of Shadows,Action|Adventure|Comedy|Crime|Mystery|Thriller,4.0
Sherlock: The Abominable Bride,Action|Crime|Drama|Mystery|Thriller,4.0
"Animatrix, The",Action|Animation|Drama|Sci-Fi,4.0
RocknRolla,Action|Crime,4.0
Star Trek: First Contact,Action|Adventure|Sci-Fi|Thriller,3.98
"Bourne Supremacy, The",Action|Crime|Thriller,3.97
Pirates of the Caribbean: The Curse of the Black Pearl,Action|Adventure|Comedy|Fantasy,3.97
Captain America: The Winter Soldier,Action|Adventure|Sci-Fi|IMAX,3.97
Blood Diamond,Action|Adventure|Crime|Drama|Thriller|War,3.96
Mad Max: Fury Road,Action|Adventure|Sci-Fi|Thriller,3.96
Ant-Man,Action|Adventure|Sci-Fi,3.96
Black Hawk Down,Action|Drama|War,3.96
Dirty Harry,Action|Crime|Thriller,3.95
Die Hard,Action|Crime|Thriller,3.95
Collateral,Action|Crime|Drama|Thriller,3.95
Goldfinger,Action|Adventure|Thriller,3.94
"Blues Brothers, The",Action|Comedy|Musical,3.93
"Last of the Mohicans, The",Action|Romance|War|Western,3.92
Madagascar: Escape 2 Africa,Action|Adventure|Animation|Children|Comedy|IMAX,3.92
Fury,Action|Drama|War,3.92
Source Code,Action|Drama|Mystery|Sci-Fi|Thriller,3.91
"Fifth Element, The",Action|Adventure|Comedy|Sci-Fi,3.91
X2: X-Men United,Action|Adventure|Sci-Fi|Thriller,3.91
Lord of War,Action|Crime|Drama|Thriller|War,3.91
Doctor Strange,Action|Adventure|Sci-Fi,3.91
Black Panther,Action|Adventure|Sci-Fi,3.91
300,Action|Fantasy|War|IMAX,3.91
Kick-Ass,Action|Comedy,3.91
Tombstone,Action|Drama|Western,3.91
Ghostbusters,Action|Comedy|Sci-Fi,3.9
Highlander,Action|Adventure|Fantasy,3.9
Star Trek Into Darkness,Action|Adventure|Sci-Fi|IMAX,3.89
"Bourne Ultimatum, The",Action|Crime|Thriller,3.89
The Hunger Games: Catching Fire,Action|Adventure|Sci-Fi|IMAX,3.88
"Italian Job, The",Action|Crime,3.88
Rango,Action|Adventure|Animation|Children|Comedy|Western,3.88
Spy,Action|Comedy|Crime,3.88
Star Trek II: The Wrath of Khan,Action|Adventure|Sci-Fi|Thriller,3.87
X-Men,Action|Adventure|Sci-Fi,3.86
Taken,Action|Crime|Drama|Thriller,3.86
Scott Pilgrim vs. the World,Action|Comedy|Fantasy|Musical|Romance,3.86
Pacific Rim,Action|Adventure|Sci-Fi|IMAX,3.86
Dredd,Action|Sci-Fi,3.86
Akira,Action|Adventure|Animation|Sci-Fi,3.85
"Avengers, The",Action|Adventure|Sci-Fi|IMAX,3.85
Megamind,Action|Animation|Children|Comedy|Sci-Fi|IMAX,3.85
"Bank Job, The",Action|Crime|Thriller,3.85
Three Kings,Action|Adventure|Comedy|Drama|War,3.84
Pineapple Express,Action|Comedy|Crime,3.84
22 Jump Street,Action|Comedy|Crime,3.84
Looper,Action|Crime|Sci-Fi,3.84
Live and Let Die,Action|Adventure|Thriller,3.83
"Adventures of Tintin, The",Action|Animation|Mystery|IMAX,3.83
Jurassic Park,Action|Adventure|Sci-Fi|Thriller,3.83
Man on Fire,Action|Crime|Drama|Mystery|Thriller,3.83
From Russia with Love,Action|Adventure|Thriller,3.83
Captain America: Civil War,Action|Sci-Fi|Thriller,3.82
Minority Report,Action|Crime|Mystery|Sci-Fi|Thriller,3.82
Mission: Impossible - Rogue Nation,Action|Adventure|Thriller,3.82
Dr. No,Action|Adventure|Thriller,3.82
Now You See Me 2,Action|Comedy|Thriller,3.82
Mission: Impossible - Ghost Protocol,Action|Adventure|Thriller|IMAX,3.82
Jarhead,Action|Drama|War,3.82
Lethal Weapon,Action|Comedy|Crime|Drama,3.81
House of Flying Daggers,Action|Drama|Romance,3.8
Star Trek Beyond,Action|Adventure|Sci-Fi,3.8
Mission: Impossible III,Action|Adventure|Thriller,3.79
Kung Fu Hustle,Action|Comedy,3.79
Indiana Jones and the Temple of Doom,Action|Adventure|Fantasy,3.78
Gravity,Action|Sci-Fi|IMAX,3.78
Spartacus,Action|Drama|Romance|War,3.77
"Guns of Navarone, The",Action|Adventure|Drama|War,3.77
Total Recall,Action|Adventure|Sci-Fi|Thriller,3.76
In the Line of Fire,Action|Thriller,3.76
Underworld,Action|Fantasy|Horror,3.76
Avatar,Action|Adventure|Sci-Fi|IMAX,3.76
The Interview,Action|Comedy,3.75
Iron Man 3,Action|Sci-Fi|Thriller|IMAX,3.75
Captain America: The First Avenger,Action|Adventure|Sci-Fi|Thriller|War,3.75
Menace II Society,Action|Crime|Drama,3.75
Heartbreak Ridge,Action|War,3.75
Pirates of the Caribbean: Dead Man's Chest,Action|Adventure|Fantasy,3.75
"Treasure of the Sierra Madre, The",Action|Adventure|Drama|Western,3.75
"Goonies, The",Action|Adventure|Children|Comedy|Fantasy,3.74
"I, Robot",Action|Adventure|Sci-Fi|Thriller,3.74
Midnight Run,Action|Comedy|Crime|Thriller,3.73
"Thomas Crown Affair, The",Action|Mystery,3.73
Spider-Man,Action|Adventure|Sci-Fi|Thriller,3.73
Tropic Thunder,Action|Adventure|Comedy|War,3.73
48 Hrs.,Action|Comedy|Crime|Drama,3.73
Meet the Robinsons,Action|Adventure|Animation|Children|Comedy|Sci-Fi,3.73
The Man from U.N.C.L.E.,Action|Adventure|Comedy,3.72
"Man with the Golden Gun, The",Action|Adventure|Thriller,3.72
Thor,Action|Adventure|Drama|Fantasy|IMAX,3.71
I Am Legend,Action|Horror|Sci-Fi|Thriller|IMAX,3.71
Kingdom of Heaven,Action|Drama|Romance|War,3.71
Jackass: The Movie,Action|Comedy|Documentary,3.71
Quantum of Solace,Action|Adventure|Thriller,3.71
"Expendables 2, The",Action|Adventure,3.7
Iron Man 2,Action|Adventure|Sci-Fi|Thriller|IMAX,3.7
"Sorcerer's Apprentice, The",Action|Adventure|Children|Comedy|Fantasy,3.7
"Rock, The",Action|Adventure|Thriller,3.7
Austin Powers: International Man of Mystery,Action|Adventure|Comedy,3.7
First Blood,Action|Adventure|Drama|Thriller,3.7
Predators,Action|Sci-Fi|Thriller,3.7
Red,Action|Comedy,3.7
Superman,Action|Adventure|Sci-Fi,3.7
Final Fantasy VII: Advent Children,Action|Adventure|Animation|Fantasy|Sci-Fi,3.7
Ender's Game,Action|Adventure|Sci-Fi|IMAX,3.69
"Book of Eli, The",Action|Adventure|Drama,3.69
Kung Fu Panda,Action|Animation|Children|Comedy|IMAX,3.69
Predator,Action|Sci-Fi|Thriller,3.69
"Transporter, The",Action|Crime,3.69
Get Smart,Action|Comedy,3.69
Pirates of the Caribbean: At World's End,Action|Adventure|Comedy|Fantasy,3.68
Avengers: Age of Ultron,Action|Adventure|Sci-Fi,3.67
For Your Eyes Only,Action|Adventure|Thriller,3.67
Shoot 'Em Up,Action|Comedy|Crime,3.67
The Hunger Games,Action|Adventure|Drama|Sci-Fi|Thriller,3.67
"Mariachi, El",Action|Crime|Thriller|Western,3.67
Rise of the Planet of the Apes,Action|Drama|Sci-Fi|Thriller,3.67
Snowpiercer,Action|Drama|Sci-Fi,3.67
"Crow, The",Action|Crime|Fantasy|Thriller,3.67
"History of Violence, A",Action|Crime|Drama|Thriller,3.67
Team America: World Police,Action|Adventure|Animation|Comedy,3.66
Mad Max,Action|Adventure|Sci-Fi,3.66
"Score, The",Action|Drama,3.65
Desperado,Action|Romance|Western,3.65
"Recruit, The",Action|Thriller,3.65
First Strike,Action|Adventure|Comedy|Thriller,3.65
"Man in the Iron Mask, The",Action|Adventure|Drama,3.64
Clear and Present Danger,Action|Crime|Drama|Thriller,3.64
Speed,Action|Romance|Thriller,3.64
S.W.A.T.,Action|Thriller,3.64
Hanna,Action|Adventure|Mystery|Thriller,3.64
Date Night,Action|Comedy|Romance,3.64
Men in Black,Action|Comedy|Sci-Fi,3.64
Constantine,Action|Fantasy|Horror|Thriller,3.63
Ronin,Action|Crime|Thriller,3.63
Enemy of the State,Action|Thriller,3.63
Brave,Action|Adventure|Animation|Children,3.63
Die Hard: With a Vengeance,Action|Crime|Thriller,3.62
Troy,Action|Adventure|Drama|War,3.62
Elysium,Action|Drama|Sci-Fi|IMAX,3.62
Diamonds Are Forever,Action|Adventure|Thriller,3.62
Wonder Woman,Action|Adventure|Fantasy,3.62
Mission: Impossible,Action|Adventure|Mystery|Thriller,3.62
From Dusk Till Dawn,Action|Comedy|Horror|Thriller,3.62
Thunderball,Action|Adventure|Thriller,3.62
Dunkirk,Action|Drama|Thriller|War,3.62
Thor: The Dark World,Action|Adventure|Fantasy|IMAX,3.62
"Ghost and the Darkness, The",Action|Adventure,3.62
Rumble in the Bronx,Action|Adventure|Comedy|Crime,3.61
"World's End, The",Action|Comedy|Sci-Fi,3.61
"Abyss, The",Action|Adventure|Sci-Fi|Thriller,3.61
Sneakers,Action|Comedy|Crime|Drama|Sci-Fi,3.61
Bolt,Action|Adventure|Animation|Children|Comedy,3.61
GoldenEye,Action|Adventure|Thriller,3.61
"Island, The",Action|Sci-Fi|Thriller,3.61
Heavy Metal,Action|Adventure|Animation|Horror|Sci-Fi,3.61
Hellboy,Action|Adventure|Fantasy|Horror,3.59
Rob Roy,Action|Drama|Romance|War,3.59
Spy Game,Action|Crime|Drama|Thriller,3.59
Independence Day,Action|Adventure|Sci-Fi|Thriller,3.59
"Patriot, The",Action|Drama|War,3.59
Falling Down,Action|Drama,3.59
Star Wars: Episode III - Revenge of the Sith,Action|Adventure|Sci-Fi,3.59
Grindhouse,Action|Crime|Horror|Sci-Fi|Thriller,3.59
Live Free or Die Hard,Action|Adventure|Crime|Thriller,3.59
Jack Reacher,Action|Crime|Thriller,3.58
Patriot Games,Action|Crime|Drama|Thriller,3.58
X-Men: The Last Stand,Action|Sci-Fi|Thriller,3.58
Crank,Action|Thriller,3.57
True Lies,Action|Adventure|Comedy|Romance|Thriller,3.57
"Punisher, The",Action|Crime|Thriller,3.57
"Naked Gun: From the Files of Police Squad!, The",Action|Comedy|Crime|Romance,3.57
Transformers,Action|Sci-Fi|Thriller|IMAX,3.56
"Wolverine, The",Action|Adventure|Fantasy|Sci-Fi,3.56
Romancing the Stone,Action|Adventure|Comedy|Romance,3.56
"Spy Who Loved Me, The",Action|Adventure|Thriller,3.56
"Matrix Reloaded, The",Action|Adventure|Sci-Fi|Thriller|IMAX,3.55
Déjà Vu,Action|Sci-Fi|Thriller,3.55
Rush Hour 2,Action|Comedy,3.55
Kick-Ass 2,Action|Comedy|Crime,3.55
Titan A.E.,Action|Adventure|Animation|Children|Sci-Fi,3.55
U-571,Action|Thriller|War,3.55
"X-Files: Fight the Future, The",Action|Crime|Mystery|Sci-Fi|Thriller,3.55
Talladega Nights: The Ballad of Ricky Bobby,Action|Comedy,3.54
Die Hard 2,Action|Adventure|Thriller,3.54
"Knight's Tale, A",Action|Comedy|Romance,3.54
Beverly Hills Cop,Action|Comedy|Crime|Drama,3.54
"Negotiator, The",Action|Crime|Drama|Mystery|Thriller,3.53
French Kiss,Action|Comedy|Romance,3.53
Willow,Action|Adventure|Fantasy,3.52
Blade,Action|Horror|Thriller,3.52
"Chronicles of Riddick, The",Action|Sci-Fi|Thriller,3.52
Prometheus,Action|Horror|Sci-Fi|IMAX,3.52
Face/Off,Action|Crime|Drama|Thriller,3.51
Payback,Action|Thriller,3.51
Batman,Action|Crime|Thriller,3.51
Escape from New York,Action|Adventure|Sci-Fi|Thriller,3.51
Terminator Salvation,Action|Adventure|Sci-Fi|Thriller,3.5
Men in Black III,Action|Comedy|Sci-Fi|IMAX,3.5
We Were Soldiers,Action|Drama|War,3.5
RoboCop,Action|Crime|Drama|Sci-Fi|Thriller,3.5
Red Dawn,Action|Drama|War,3.5
Man of Steel,Action|Adventure|Fantasy|Sci-Fi|IMAX,3.5
This Is the End,Action|Comedy,3.5
Oblivion,Action|Adventure|Sci-Fi|IMAX,3.5
"Amazing Spider-Man, The",Action|Adventure|Sci-Fi|IMAX,3.5
Rocky Balboa,Action|Drama,3.5
Chappie,Action|Thriller,3.5
Mr. & Mrs. Smith,Action|Adventure|Comedy|Romance,3.49
Ocean's Twelve,Action|Comedy|Crime|Thriller,3.49
King Kong,Action|Adventure|Fantasy|Horror,3.49
Outbreak,Action|Drama|Sci-Fi|Thriller,3.49
Jurassic World,Action|Adventure|Drama|Sci-Fi|Thriller,3.48
"Mexican, The",Action|Comedy,3.48
Cloverfield,Action|Mystery|Sci-Fi|Thriller,3.48
Kung Fu Panda 2,Action|Adventure|Animation|Children|Comedy|IMAX,3.47
On Her Majesty's Secret Service,Action|Adventure|Romance|Thriller,3.47
Air Force One,Action|Thriller,3.47
Screamers,Action|Sci-Fi|Thriller,3.47
Starship Troopers,Action|Sci-Fi,3.46
Stargate,Action|Adventure|Sci-Fi,3.46
"World Is Not Enough, The",Action|Adventure|Thriller,3.46
Top Gun,Action|Romance,3.46
Pirates of the Caribbean: On Stranger Tides,Action|Adventure|Fantasy|IMAX,3.46
"Long Kiss Goodnight, The",Action|Drama|Thriller,3.45
Rush Hour,Action|Comedy|Crime|Thriller,3.45
National Treasure,Action|Adventure|Drama|Mystery|Thriller,3.45
Westworld,Action|Sci-Fi|Thriller|Western,3.44
Tron,Action|Adventure|Sci-Fi,3.44
Transporter 2,Action|Crime|Thriller,3.44
Starsky & Hutch,Action|Comedy|Crime|Thriller,3.43
"Thin Red Line, The",Action|Drama|War,3.43
Gone in 60 Seconds,Action|Crime,3.43
"Incredible Hulk, The",Action|Sci-Fi,3.43
Star Trek VI: The Undiscovered Country,Action|Mystery|Sci-Fi,3.43
"Other Guys, The",Action|Comedy,3.43
Tron: Legacy,Action|Adventure|Sci-Fi|IMAX,3.42
Insomnia,Action|Crime|Drama|Mystery|Thriller,3.42
"Living Daylights, The",Action|Adventure|Thriller,3.42
Star Wars: The Last Jedi,Action|Adventure|Fantasy|Sci-Fi,3.42
Blade II,Action|Horror|Thriller,3.41
"Rundown, The",Action|Adventure|Comedy,3.41
Courage Under Fire,Action|Crime|Drama|War,3.41
Wanted,Action|Thriller,3.41
Planet of the Apes,Action|Drama|Sci-Fi,3.41
Behind Enemy Lines,Action|Drama|War,3.4
Twister,Action|Adventure|Romance|Thriller,3.4
War of the Worlds,Action|Adventure|Sci-Fi|Thriller,3.4
Nick of Time,Action|Thriller,3.4
"It's a Mad, Mad, Mad, Mad World",Action|Adventure|Comedy|Crime,3.4
Licence to Kill,Action|Adventure|Thriller,3.4
Executive Decision,Action|Adventure|Thriller,3.39
Conan the Barbarian,Action|Adventure|Fantasy,3.39
Backdraft,Action|Drama,3.39
Night at the Museum,Action|Comedy|Fantasy|IMAX,3.39
Death Proof,Action|Adventure|Crime|Horror|Thriller,3.38
"View to a Kill, A",Action|Adventure|Thriller,3.38
Cop Land,Action|Crime|Drama|Thriller,3.38
Star Trek III: The Search for Spock,Action|Adventure|Sci-Fi,3.38
"Matrix Revolutions, The",Action|Adventure|Sci-Fi|Thriller|IMAX,3.38
Breakdown,Action|Thriller,3.38
Point Break,Action|Crime|Thriller,3.38
Mad Max Beyond Thunderdome,Action|Adventure|Sci-Fi,3.38
Bad Boys,Action|Comedy|Crime|Drama|Thriller,3.37
Shanghai Knights,Action|Adventure|Comedy,3.37
Once Upon a Time in Mexico,Action|Adventure|Crime|Thriller,3.36
Young Sherlock Holmes,Action|Adventure|Children|Fantasy|Mystery|Thriller,3.36
Austin Powers: The Spy Who Shagged Me,Action|Adventure|Comedy,3.36
Lethal Weapon 2,Action|Comedy|Crime|Drama,3.36
"A-Team, The",Action|Comedy|Thriller,3.35
"Running Man, The",Action|Sci-Fi,3.35
"Three Musketeers, The",Action|Adventure|Comedy|Romance,3.34
Sucker Punch,Action|Fantasy|Thriller|IMAX,3.33
Hot Shots!,Action|Comedy|Romance|War,3.33
"Mummy Returns, The",Action|Adventure|Comedy|Thriller,3.33
"Bourne Legacy, The",Action|Adventure|Drama|Thriller|IMAX,3.33
Terminator 3: Rise of the Machines,Action|Adventure|Sci-Fi,3.33
"Saint, The",Action|Romance|Sci-Fi|Thriller,3.33
"Rocketeer, The",Action|Adventure|Sci-Fi,3.33
Machete,Action|Adventure|Comedy|Crime|Thriller,3.33
Star Wars: Episode II - Attack of the Clones,Action|Adventure|Sci-Fi|IMAX,3.32
"Mask of Zorro, The",Action|Comedy|Romance,3.32
Superman Returns,Action|Adventure|Sci-Fi|IMAX,3.32
"River Wild, The",Action|Thriller,3.32
Hackers,Action|Adventure|Crime|Thriller,3.31
Underworld: Evolution,Action|Fantasy|Horror,3.31
Johnny English,Action|Comedy|Thriller,3.31
"Mummy, The",Action|Adventure|Comedy|Fantasy|Horror|Thriller,3.3
Smokin' Aces,Action|Crime|Drama|Thriller,3.3
Spider-Man 3,Action|Adventure|Sci-Fi|Thriller|IMAX,3.3
Shanghai Noon,Action|Adventure|Comedy|Western,3.3
Star Trek: Insurrection,Action|Drama|Romance|Sci-Fi,3.3
Fast & Furious,Action|Crime|Drama|Thriller,3.3
Fast Five,Action|Crime|Drama|Thriller|IMAX,3.3
Night at the Museum: Battle of the Smithsonian,Action|Comedy|IMAX,3.3
Resident Evil: Extinction,Action|Horror|Sci-Fi|Thriller,3.3
Spectre,Action|Adventure|Crime,3.29
X-Men: Apocalypse,Action|Adventure|Fantasy|Sci-Fi,3.29
"Fast and the Furious, The",Action|Crime|Thriller,3.29
Swordfish,Action|Crime|Drama,3.29
Along Came a Spider,Action|Crime|Mystery|Thriller,3.29
Logan's Run,Action|Adventure|Sci-Fi,3.29
Natural Born Killers,Action|Crime|Thriller,3.28
Jumper,Action|Adventure|Drama|Sci-Fi|Thriller,3.28
"Day After Tomorrow, The",Action|Adventure|Drama|Sci-Fi|Thriller,3.28
"Jackal, The",Action|Thriller,3.28
Alien³,Action|Horror|Sci-Fi|Thriller,3.28
Mystery Men,Action|Comedy|Fantasy,3.28
John Carter,Action|Adventure|Sci-Fi|IMAX,3.27
Salt,Action|Thriller,3.27
"Mask, The",Action|Comedy|Crime|Fantasy,3.27
Moonraker,Action|Adventure|Sci-Fi|Thriller,3.27
Rocky II,Action|Drama,3.27
Star Trek: Nemesis,Action|Drama|Sci-Fi|Thriller,3.26
F/X,Action|Crime|Thriller,3.25
National Treasure: Book of Secrets,Action|Adventure,3.25
Assassins,Action|Crime|Thriller,3.25
Strange Days,Action|Crime|Drama|Mystery|Sci-Fi|Thriller,3.25
"War of the Worlds, The",Action|Drama|Sci-Fi,3.25
Hancock,Action|Adventure|Comedy|Crime|Fantasy,3.24
Tomorrow Never Dies,Action|Adventure|Thriller,3.24
"Expendables, The",Action|Adventure|Thriller,3.24
Star Wars: Episode I - The Phantom Menace,Action|Adventure|Sci-Fi,3.24
"Poseidon Adventure, The",Action|Adventure|Drama,3.24
First Knight,Action|Drama|Romance,3.22
Romeo Must Die,Action|Crime|Romance|Thriller,3.22
Spy Kids,Action|Adventure|Children|Comedy,3.21
World War Z,Action|Drama|Horror|IMAX,3.21
Demolition Man,Action|Adventure|Sci-Fi,3.21
Double Jeopardy,Action|Crime|Drama|Thriller,3.21
Mars Attacks!,Action|Comedy|Sci-Fi,3.21
Surrogates,Action|Sci-Fi|Thriller,3.21
Resident Evil,Action|Horror|Sci-Fi|Thriller,3.2
Young Guns,Action|Comedy|Western,3.2
Hostage,Action|Crime|Drama|Thriller,3.2
Armageddon,Action|Romance|Sci-Fi|Thriller,3.2
Naked Gun 33 1/3: The Final Insult,Action|Comedy,3.19
Sudden Death,Action,3.19
"Maze Runner, The",Action|Mystery|Sci-Fi,3.19
Paycheck,Action|Sci-Fi|Thriller,3.18
Dragonheart,Action|Adventure|Fantasy,3.18
"Arrival, The",Action|Sci-Fi|Thriller,3.18
Kindergarten Cop,Action|Comedy|Crime|Thriller,3.18
Innerspace,Action|Adventure|Comedy|Sci-Fi,3.17
Con Air,Action|Adventure|Thriller,3.17
Eraser,Action|Drama|Thriller,3.16
Pearl Harbor,Action|Drama|Romance|War,3.16
Lara Croft: Tomb Raider,Action|Adventure,3.15
X-Men Origins: Wolverine,Action|Sci-Fi|Thriller,3.15
Mercury Rising,Action|Drama|Thriller,3.15
Men in Black II,Action|Comedy|Sci-Fi,3.15
Batman Returns,Action|Crime,3.15
Next,Action|Sci-Fi|Thriller,3.14
Superman II,Action|Sci-Fi,3.14
U.S. Marshals,Action|Crime|Thriller,3.13
"Specialist, The",Action|Drama|Thriller,3.13
Teenage Mutant Ninja Turtles,Action|Children|Comedy|Fantasy|Sci-Fi,3.12
Bad Boys II,Action|Comedy|Crime|Thriller,3.12
Die Another Day,Action|Adventure|Thriller,3.11
Broken Arrow,Action|Adventure|Thriller,3.11
"Net, The",Action|Crime|Thriller,3.11
"Peacemaker, The",Action|Thriller|War,3.1
"Green Hornet, The",Action|Comedy|Crime|Fantasy|Thriller|IMAX,3.09
Flightplan,Action|Drama|Thriller,3.09
Suicide Squad,Action|Crime|Sci-Fi,3.08
Tequila Sunrise,Action|Drama|Romance|Thriller,3.08
King Arthur,Action|Adventure|Drama|War,3.08
Last Action Hero,Action|Adventure|Comedy|Fantasy,3.08
Prince of Persia: The Sands of Time,Action|Adventure|Fantasy|Romance|IMAX,3.08
Cutthroat Island,Action|Adventure|Romance,3.08
Cliffhanger,Action|Adventure|Thriller,3.08
"13th Warrior, The",Action|Adventure|Fantasy,3.08
Escape from the Planet of the Apes,Action|Sci-Fi,3.07
Blade: Trinity,Action|Fantasy|Horror|Thriller,3.07
Indiana Jones and the Kingdom of the Crystal Skull,Action|Adventure|Comedy|Sci-Fi,3.05
Predator 2,Action|Sci-Fi|Thriller,3.05
Escape from L.A.,Action|Adventure|Sci-Fi|Thriller,3.05
Aeon Flux,Action|Sci-Fi,3.05
Space Cowboys,Action|Adventure|Comedy|Sci-Fi,3.04
Lethal Weapon 3,Action|Comedy|Crime|Drama,3.04
"Quick and the Dead, The",Action|Thriller|Western,3.03
Tank Girl,Action|Comedy|Sci-Fi,3.03
Alien: Resurrection,Action|Horror|Sci-Fi,3.02
xXx,Action|Crime|Thriller,3.0
Dick Tracy,Action|Crime,3.0
"Time Machine, The",Action|Adventure|Sci-Fi,3.0
"Replacement Killers, The",Action|Crime|Thriller,3.0
Beverly Hills Cop II,Action|Comedy|Crime|Thriller,3.0
Lucy,Action|Sci-Fi,3.0
AVP: Alien vs. Predator,Action|Horror|Sci-Fi|Thriller,3.0
Waterworld,Action|Adventure|Sci-Fi,3.0
"Substitute, The",Action|Crime|Drama,3.0
Maleficent,Action|Adventure|Children|IMAX,3.0
"One, The",Action|Sci-Fi|Thriller,3.0
Young Guns II,Action|Western,3.0
Hot Shots! Part Deux,Action|Comedy|War,2.98
Batman Forever,Action|Adventure|Comedy|Crime,2.98
Congo,Action|Adventure|Mystery|Sci-Fi,2.98
Under Siege,Action|Drama|Thriller,2.96
"6th Day, The",Action|Sci-Fi|Thriller,2.95
Jurassic Park III,Action|Adventure|Sci-Fi|Thriller,2.94
Lethal Weapon 4,Action|Comedy|Crime|Thriller,2.94
Chain Reaction,Action|Adventure|Thriller,2.94
"Shadow, The",Action|Adventure|Fantasy|Mystery,2.94
Fantastic Four,Action|Adventure|Sci-Fi,2.94
Resident Evil: Apocalypse,Action|Horror|Sci-Fi|Thriller,2.93
"Devil's Own, The",Action|Drama|Thriller,2.93
"Crow: City of Angels, The",Action|Thriller,2.93
Deep Blue Sea,Action|Horror|Sci-Fi|Thriller,2.93
"Siege, The",Action|Thriller,2.92
This Means War,Action|Comedy|Romance,2.91
G.I. Jane,Action|Drama,2.91
Miami Vice,Action|Crime|Drama|Thriller,2.9
Charlie's Angels,Action|Comedy,2.9
Hard Target,Action|Adventure|Crime|Thriller,2.9
Blown Away,Action|Thriller,2.9
Mission: Impossible II,Action|Adventure|Thriller,2.9
"Karate Kid, Part II, The",Action|Adventure|Drama,2.9
"Jewel of the Nile, The",Action|Adventure|Comedy|Romance,2.9
Reign of Fire,Action|Adventure|Fantasy,2.89
Sky Captain and the World of Tomorrow,Action|Adventure|Sci-Fi,2.89
Lara Croft Tomb Raider: The Cradle of Life,Action|Adventure|Comedy|Romance|Thriller,2.88
Van Helsing,Action|Adventure|Fantasy|Horror,2.88
"Lost World: Jurassic Park, The",Action|Adventure|Sci-Fi|Thriller,2.88
Drop Zone,Action|Thriller,2.86
Teenage Mutant Ninja Turtles II: The Secret of the Ooze,Action|Children|Fantasy,2.85
Virtuosity,Action|Sci-Fi|Thriller,2.84
"Phantom, The",Action|Adventure,2.84
Days of Thunder,Action|Drama|Romance,2.84
2 Fast 2 Furious,Action|Crime|Thriller,2.84
Blues Brothers 2000,Action|Comedy|Musical,2.83
Rocky III,Action|Drama,2.83
Beneath the Planet of the Apes,Action|Sci-Fi,2.83
Conquest of the Planet of the Apes,Action|Sci-Fi,2.83
"Lawnmower Man, The",Action|Horror|Sci-Fi|Thriller,2.83
Hulk,Action|Adventure|Sci-Fi,2.82
The Amazing Spider-Man 2,Action|Sci-Fi|IMAX,2.82
"League of Extraordinary Gentlemen, The",Action|Fantasy|Sci-Fi,2.81
"Golden Child, The",Action|Adventure|Comedy|Fantasy|Mystery,2.81
"Cannonball Run, The",Action|Comedy,2.8
Fantastic Four: Rise of the Silver Surfer,Action|Adventure|Sci-Fi,2.8
RoboCop 2,Action|Crime|Sci-Fi|Thriller,2.8
Snake Eyes,Action|Crime|Mystery|Thriller,2.8
Under Siege 2: Dark Territory,Action,2.8
End of Days,Action|Fantasy|Horror|Mystery|Thriller,2.8
Snakes on a Plane,Action|Comedy|Horror|Thriller,2.79
Johnny Mnemonic,Action|Sci-Fi|Thriller,2.79
Shaft,Action|Crime|Thriller,2.79
Ice Age: Dawn of the Dinosaurs,Action|Adventure|Animation|Children|Comedy|Romance,2.79
Beverly Hills Cop III,Action|Comedy|Crime|Thriller,2.78
Spawn,Action|Adventure|Sci-Fi|Thriller,2.77
Rocky IV,Action|Drama,2.76
2012,Action|Drama|Sci-Fi|Thriller,2.76
Daylight,Action|Adventure|Drama|Thriller,2.75
Daredevil,Action|Crime,2.75
Rambo: First Blood Part II,Action|Adventure|Thriller,2.74
Judge Dredd,Action|Crime|Sci-Fi,2.74
Star Trek V: The Final Frontier,Action|Sci-Fi,2.73
Vertical Limit,Action|Adventure,2.71
Dante's Peak,Action|Thriller,2.71
Barb Wire,Action|Sci-Fi,2.7
Street Fighter,Action|Adventure|Fantasy,2.7
Showtime,Action|Comedy,2.7
Eragon,Action|Adventure|Fantasy,2.67
Charlie's Angels: Full Throttle,Action|Adventure|Comedy|Crime|Thriller,2.67
Money Train,Action|Comedy|Crime|Drama|Thriller,2.67
Mortal Kombat,Action|Adventure|Fantasy,2.65
Bulletproof Monk,Action|Adventure|Sci-Fi,2.64
Transformers: Dark of the Moon,Action|Adventure|Sci-Fi|War|IMAX,2.64
Timecop,Action|Sci-Fi|Thriller,2.62
Beverly Hills Ninja,Action|Comedy,2.62
Batman v Superman: Dawn of Justice,Action|Adventure|Fantasy|Sci-Fi,2.62
Transformers: Revenge of the Fallen,Action|Adventure|Sci-Fi|IMAX,2.6
"Tuxedo, The",Action|Comedy,2.6
Jumpin' Jack Flash,Action|Comedy|Romance|Thriller,2.6
Green Lantern,Action|Adventure|Sci-Fi,2.6
Lost in Space,Action|Adventure|Sci-Fi,2.59
Buffy the Vampire Slayer,Action|Comedy|Horror,2.58
Crocodile Dundee II,Action|Adventure|Comedy,2.58
Last Man Standing,Action|Crime|Drama|Thriller,2.54
Reindeer Games,Action|Thriller,2.54
Red Planet,Action|Sci-Fi|Thriller,2.54
Highlander III: The Sorcerer,Action|Fantasy,2.5
Clash of the Titans,Action|Adventure|Drama|Fantasy,2.46
The Scorpion King,Action|Adventure|Fantasy|Thriller,2.45
RoboCop 3,Action|Crime|Drama|Sci-Fi|Thriller,2.43
Ghost Rider,Action|Fantasy|Thriller,2.42
Universal Soldier,Action|Sci-Fi,2.41
Superman III,Action|Adventure|Sci-Fi,2.41
"Next Karate Kid, The",Action|Children|Romance,2.4
Alexander,Action|Adventure|Drama|War,2.4
Batman & Robin,Action|Adventure|Fantasy|Thriller,2.36
Mighty Morphin Power Rangers: The Movie,Action|Children,2.35
Wild Wild West,Action|Comedy|Sci-Fi|Western,2.34
Godzilla,Action|Sci-Fi|Thriller,2.33
Elektra,Action|Adventure|Crime|Drama,2.3
Teenage Mutant Ninja Turtles III,Action|Adventure|Children|Comedy|Fantasy,2.29
"Fast and the Furious: Tokyo Drift, The",Action|Crime|Drama|Thriller,2.27
"Dukes of Hazzard, The",Action|Adventure|Comedy,2.25
Inspector Gadget,Action|Adventure|Children|Comedy,2.24
Ultraviolet,Action|Fantasy|Sci-Fi|Thriller,2.23
Volcano,Action|Drama|Thriller,2.2
Doom,Action|Horror|Sci-Fi,2.2
Super Mario Bros.,Action|Adventure|Children|Comedy|Fantasy|Sci-Fi,2.1
Rocky V,Action|Drama,2.06
Anaconda,Action|Adventure|Thriller,2.04
Dungeons & Dragons,Action|Adventure|Comedy|Fantasy,2.0
Rambo III,Action|Adventure|Thriller|War,1.92
"Karate Kid, Part III, The",Action|Adventure|Children|Drama,1.86
Stop! Or My Mom Will Shoot,Action|Comedy,1.82
Battlefield Earth,Action|Sci-Fi,1.79
Superman IV: The Quest for Peace,Action|Adventure|Sci-Fi,1.75
Speed 2: Cruise Control,Action|Romance|Thriller,1.68
